City_ID,City,Lat,Lng,Max Temp,Humidity,Cloudiness,Wind Speed,Country,Date
0,west island,-12.1568,96.8225,25.99,78,20,8.23,CC,2024-08-06 22:59:14
1,tiksi,71.6872,128.8694,10.69,83,100,2.94,RU,2024-08-06 22:59:14
2,margaret river,-33.95,115.0667,15.24,70,61,11.23,AU,2024-08-06 22:59:15
3,camana,-16.6228,-72.7111,15.78,90,48,4.75,PE,2024-08-06 22:59:15
4,flying fish cove,-10.4217,105.6791,23.82,94,100,4.63,CX,2024-08-06 22:59:15
5,karratha,-20.7377,116.8463,17.78,50,2,2.54,AU,2024-08-06 22:59:15
6,douz,33.4663,9.0203,28.58,42,0,5.13,TN,2024-08-06 22:59:15
7,port-aux-francais,-49.35,70.2167,2.48,82,62,5.38,TF,2024-08-06 22:59:15
8,illapel,-31.6308,-71.1653,7.75,95,99,2.19,CL,2024-08-06 22:56:14
9,edinburgh of the seven seas,-37.0676,-12.3116,10.03,60,84,8.45,SH,2024-08-06 22:59:16
10,tainan,22.9908,120.2133,27.71,83,40,2.06,TW,2024-08-06 22:55:01
11,nantucket,41.2835,-70.0995,21.03,94,75,4.63,US,2024-08-06 22:56:15
12,punta arenas,-53.15,-70.9167,-0.94,93,75,3.09,CL,2024-08-06 22:55:38
13,tyuratam,45.6507,63.3156,29.56,30,15,3.46,KZ,2024-08-06 22:59:16
14,yellowknife,62.456,-114.3525,20.29,50,20,4.12,CA,2024-08-06 22:59:16
15,puerto natales,-51.7236,-72.4875,-1.75,93,75,0.0,CL,2024-08-06 22:59:16
16,igarka,67.4667,86.5833,7.97,70,16,7.65,RU,2024-08-06 22:59:17
17,olonkinbyen,70.9221,-8.7187,6.03,99,100,4.71,SJ,2024-08-06 22:59:17
18,al muwayh,22.4333,41.7583,27.14,48,100,5.36,SA,2024-08-06 22:59:17
19,konstantinovka,49.6167,127.9833,23.36,71,1,1.65,RU,2024-08-06 22:59:17
20,vorgashor,67.5833,63.95,4.06,78,7,3.47,RU,2024-08-06 22:59:17
21,mongo,12.1844,18.693,24.16,87,100,2.52,TD,2024-08-06 22:59:17
22,ulsteinvik,62.3432,5.8487,17.95,94,100,0.45,NO,2024-08-06 22:59:17
23,jamestown,42.097,-79.2353,19.8,100,100,4.63,US,2024-08-06 22:49:39
24,georgetown,5.4112,100.3354,26.96,83,20,2.57,MY,2024-08-06 22:57:45
25,guerrero negro,27.9769,-114.0611,29.41,49,72,5.27,MX,2024-08-06 22:59:18
26,ribeira grande,38.5167,-28.7,24.32,84,10,3.13,PT,2024-08-06 22:59:18
27,howard springs,-12.497,131.047,24.37,86,14,4.17,AU,2024-08-06 22:59:18
28,bethel,41.3712,-73.414,23.26,81,77,1.34,US,2024-08-06 22:59:18
29,iguape,-24.7081,-47.5553,18.82,91,13,1.94,BR,2024-08-06 22:59:19
30,lihue,21.9789,-159.3672,28.53,69,75,6.69,US,2024-08-06 22:59:19
31,bilibino,68.0546,166.4372,8.4,52,14,1.26,RU,2024-08-06 22:59:19
32,road town,18.4167,-64.6167,30.02,70,40,4.63,VG,2024-08-06 22:56:07
33,djibouti,11.5,42.5,28.97,55,20,1.76,DJ,2024-08-06 22:59:19
34,miquelon,47.0975,-56.3814,17.0,82,100,10.69,PM,2024-08-06 22:59:19
35,talara,-4.5772,-81.2719,22.42,73,0,10.29,PE,2024-08-06 22:59:20
36,chibougamau,49.9168,-74.3659,17.79,45,75,5.14,CA,2024-08-06 22:59:20
37,avarua,-21.2078,-159.775,25.03,83,20,1.54,CK,2024-08-06 22:59:20
38,invercargill,-46.4,168.35,9.45,77,92,3.13,NZ,2024-08-06 22:47:42
39,kamin-kashyrskyi,51.6241,24.9586,17.14,81,55,1.47,UA,2024-08-06 22:59:20
40,longyearbyen,78.2186,15.6401,8.91,93,75,0.51,SJ,2024-08-06 22:59:20
41,waitangi,-43.9535,-176.5597,9.9,86,0,1.79,NZ,2024-08-06 22:59:20
42,kudahuvadhoo,2.6708,72.8944,27.77,76,100,2.33,MV,2024-08-06 22:59:21
43,grytviken,-54.2811,-36.5092,-8.62,72,25,3.48,GS,2024-08-06 22:59:21
44,ust-nera,64.5667,143.2,10.28,87,100,2.09,RU,2024-08-06 22:59:21
45,blackmans bay,-43.0167,147.3167,12.51,67,98,1.79,AU,2024-08-06 22:59:21
46,cheria,35.2731,7.7519,25.12,31,0,2.12,DZ,2024-08-06 22:59:21
47,port alfred,-33.5906,26.891,14.06,72,0,3.54,ZA,2024-08-06 22:59:21
48,lebu,-37.6167,-73.65,7.04,77,42,2.16,CL,2024-08-06 22:59:22
49,benemerito de las americas,16.5167,-90.6439,33.13,53,38,1.11,MX,2024-08-06 22:59:22
50,chonchi,-42.6128,-73.8092,7.56,93,99,0.64,CL,2024-08-06 22:59:22
51,lahaina,20.8783,-156.6825,29.97,81,3,4.07,US,2024-08-06 22:59:22
52,brisas de zicatela,15.8369,-97.0419,31.29,84,75,4.12,MX,2024-08-06 22:59:22
53,kerikeri,-35.2268,173.9474,12.91,65,26,1.15,NZ,2024-08-06 22:59:22
54,ushuaia,-54.8,-68.3,-2.19,74,0,2.06,AR,2024-08-06 22:55:50
55,chernyshevskiy,63.0128,112.4714,12.11,64,90,2.37,RU,2024-08-06 22:59:23
56,wainwright,52.839,-110.8572,18.83,48,99,3.98,CA,2024-08-06 22:59:23
57,adamstown,-25.066,-130.1015,18.88,64,37,4.58,PN,2024-08-06 22:59:23
58,qamdo,31.1667,97.2333,7.48,80,100,1.45,CN,2024-08-06 22:59:23
59,shihezi,44.3,86.0333,26.81,33,100,4.68,CN,2024-08-06 22:59:23
60,dudinka,69.4058,86.1778,7.18,71,0,8.91,RU,2024-08-06 22:59:23
61,badger,64.8,-147.5333,26.95,39,75,2.06,US,2024-08-06 22:59:24
62,cam ranh,11.9214,109.1591,25.98,83,20,0.51,VN,2024-08-06 22:59:24
63,isafjordur,66.0755,-23.124,6.56,95,100,2.26,IS,2024-08-06 22:59:24
64,dawei,14.0833,98.2,24.36,92,100,1.18,MM,2024-08-06 22:59:24
65,alofi,-19.0595,-169.9187,24.94,61,6,4.63,NU,2024-08-06 22:59:24
66,praia da vitoria,38.7333,-27.0667,24.14,83,40,3.31,PT,2024-08-06 22:59:24
67,dakhla,23.6848,-15.958,21.01,88,4,11.32,EH,2024-08-06 22:59:24
68,nizhniy kuranakh,58.8353,125.4869,13.99,92,100,1.29,RU,2024-08-06 22:59:25
69,hermanus,-34.4187,19.2345,8.78,84,0,1.46,ZA,2024-08-06 22:59:25
70,bonito,-21.1211,-56.4819,24.82,28,19,2.01,BR,2024-08-06 22:58:25
71,st. john's,47.5649,-52.7093,18.77,87,75,7.2,CA,2024-08-06 22:59:25
72,tolanaro,-25.0319,46.9987,22.04,83,75,5.14,MG,2024-08-06 22:59:25
73,albany,42.6001,-73.9662,19.77,97,94,2.14,US,2024-08-06 22:58:31
74,srbac,45.0978,17.525,18.07,56,0,1.08,BA,2024-08-06 22:59:26
75,port saint john's,-31.6229,29.5448,14.32,68,0,1.96,ZA,2024-08-06 22:59:26
76,mermoz boabab,14.7065,-17.4758,27.88,83,75,2.06,SN,2024-08-06 22:59:26
77,plastun,44.7561,136.2939,24.58,82,2,1.16,RU,2024-08-06 22:59:26
78,fale old settlement,-9.3852,-171.2468,28.15,76,67,7.07,TK,2024-08-06 22:59:26
79,zemio,5.0314,25.1361,21.99,91,100,0.15,CF,2024-08-06 22:59:26
80,papatowai,-46.5619,169.4708,10.78,56,65,2.65,NZ,2024-08-06 22:59:26
81,port hedland,-20.3167,118.5667,14.03,67,5,4.12,AU,2024-08-06 22:59:27
82,san patricio,28.017,-97.5169,34.05,48,31,6.06,US,2024-08-06 22:59:27
83,kailua-kona,19.6406,-155.9956,27.98,84,75,4.12,US,2024-08-06 22:59:27
84,muynoq,43.7683,59.0214,30.17,21,6,5.11,UZ,2024-08-06 22:59:27
85,saint-marc,19.1082,-72.6938,29.31,76,61,2.63,HT,2024-08-06 22:59:27
86,conduaga,8.862,117.4893,26.22,88,100,1.89,PH,2024-08-06 22:59:27
87,maha sarakham,16.3333,103.6667,27.73,89,100,2.54,TH,2024-08-06 22:59:27
88,saint-denis,48.9167,2.3333,21.79,82,0,4.63,FR,2024-08-06 22:59:28
89,labrador city,52.9463,-66.9114,11.95,62,40,4.63,CA,2024-08-06 22:59:28
90,cockburn town,21.4612,-71.1419,28.08,85,75,7.63,TC,2024-08-06 22:59:28
91,bredasdorp,-34.5322,20.0403,9.08,91,0,1.28,ZA,2024-08-06 22:59:28
92,mount gambier,-37.8333,140.7667,8.59,95,95,3.19,AU,2024-08-06 22:59:28
93,flores,16.9226,-89.8994,33.06,56,63,0.41,GT,2024-08-06 22:55:24
94,mahanoro,-19.9,48.8,20.82,83,61,1.22,MG,2024-08-06 22:59:29
95,gowurdak,37.8124,66.0466,27.93,20,0,0.72,TM,2024-08-06 22:59:29
96,ujae,8.9322,165.7642,28.61,75,100,4.04,MH,2024-08-06 22:59:29
97,rongelap,11.1635,166.8941,28.57,77,94,5.19,MH,2024-08-06 22:59:29
98,pacific grove,36.6177,-121.9166,28.64,81,0,3.09,US,2024-08-06 22:59:29
99,petropavlovsk-kamchatsky,53.0452,158.6483,13.33,100,75,1.0,RU,2024-08-06 22:59:29
100,santa terezinha,-29.9002,-50.0904,16.47,98,100,7.36,BR,2024-08-06 22:59:30
101,hasaki,35.7333,140.8333,29.22,86,23,4.54,JP,2024-08-06 22:59:30
102,bikenibeu village,1.3673,173.1241,30.98,70,20,2.06,KI,2024-08-06 22:59:30
103,papao,-17.75,-149.55,28.82,79,0,10.34,PF,2024-08-06 22:59:30
104,la passe,45.5549,-0.8967,21.34,93,97,4.05,FR,2024-08-06 22:59:30
105,abnub,27.2696,31.1511,31.12,24,14,2.5,EG,2024-08-06 22:59:31
106,nemuro,43.3236,145.575,17.79,100,100,2.71,JP,2024-08-06 22:59:31
107,ak'ordat,15.5486,37.8867,22.68,90,100,4.9,ER,2024-08-06 22:59:31
108,mugia,43.1041,-9.2179,19.53,78,14,7.58,ES,2024-08-06 22:59:31
109,ola,59.5833,151.2833,10.22,90,100,1.33,RU,2024-08-06 22:59:31
110,itamaraca,-7.7478,-34.8256,26.03,81,25,4.74,BR,2024-08-06 22:59:31
111,springfield,37.2153,-93.2982,34.18,63,1,1.79,US,2024-08-06 22:59:31
112,kindia,10.0569,-12.8658,20.88,99,100,0.53,GN,2024-08-06 22:59:32
113,san antonio de pale,-1.4014,5.6325,22.82,77,93,5.41,GQ,2024-08-06 22:59:32
114,hawaiian paradise park,19.5933,-154.9731,27.73,70,40,4.12,US,2024-08-06 22:59:32
115,kindu,-2.95,25.95,22.69,38,8,0.57,CD,2024-08-06 22:59:32
116,kiruna,67.8557,20.2251,9.51,93,35,2.06,SE,2024-08-06 22:59:32
117,mancio lima,-7.6142,-72.8958,28.04,78,75,3.6,BR,2024-08-06 22:59:33
118,whitehorse,60.7161,-135.0538,27.83,25,0,6.71,CA,2024-08-06 22:59:33
119,alotau,-10.3069,150.4462,25.09,87,97,1.8,PG,2024-08-06 22:59:33
120,undurkhaan,47.3194,110.6556,18.23,74,40,1.65,MN,2024-08-06 22:59:33
121,pinckneyville,38.0803,-89.382,34.1,60,0,7.92,US,2024-08-06 22:59:33
122,portland,45.5234,-122.6762,28.7,43,0,2.68,US,2024-08-06 22:49:07
123,magadan,59.5667,150.8,10.06,92,100,2.57,RU,2024-08-06 22:59:34
124,puerto ayora,-0.7393,-90.3518,21.98,89,56,2.24,EC,2024-08-06 22:59:34
125,vilyuchinsk,52.9306,158.4028,14.15,96,100,1.42,RU,2024-08-06 22:59:34
126,quatre cocos,-20.2078,57.7625,18.94,73,2,3.74,MU,2024-08-06 22:59:34
127,tieli,46.95,128.05,22.59,91,100,1.63,CN,2024-08-06 22:59:34
128,hidden valley,39.1623,-84.843,33.77,60,0,2.57,US,2024-08-06 22:59:34
129,alice springs,-23.7,133.8833,5.75,87,2,0.0,AU,2024-08-06 22:59:34
130,constantia,44.1833,28.65,17.61,86,11,4.66,RO,2024-08-06 22:59:35
131,port elizabeth,-33.918,25.5701,10.73,94,0,1.54,ZA,2024-08-06 22:59:35
132,kerman,30.2832,57.0788,24.92,23,0,2.06,IR,2024-08-06 22:59:35
133,uliastay,47.7417,96.8444,11.9,40,55,2.41,MN,2024-08-06 22:59:35
134,malvan,16.0667,73.4667,26.11,85,100,3.35,IN,2024-08-06 22:59:35
135,smithers,54.7804,-127.1743,27.18,28,20,2.06,CA,2024-08-06 22:59:35
136,acarau,-2.8856,-40.12,25.31,79,6,8.03,BR,2024-08-06 22:59:36
137,walvis bay,-22.9575,14.5053,12.27,95,47,1.85,NA,2024-08-06 22:59:36
138,brooks,50.5834,-111.8851,18.99,65,87,5.66,CA,2024-08-06 22:59:36
139,iskateley,67.6803,53.1512,5.46,85,19,3.3,RU,2024-08-06 22:59:36
140,carora,10.1755,-70.0827,24.15,85,93,3.37,VE,2024-08-06 22:59:36
141,santana,-0.0583,-51.1817,30.1,70,40,4.63,BR,2024-08-06 22:59:36
142,kokopo,-4.352,152.2633,27.44,78,68,2.82,PG,2024-08-06 22:59:36
143,codrington,-38.2667,141.9667,8.67,90,51,5.15,AU,2024-08-06 22:59:37
144,bayston hill,52.6764,-2.7722,15.01,86,1,3.37,GB,2024-08-06 22:59:37
145,sitka,57.0531,-135.33,14.94,88,40,1.54,US,2024-08-06 22:59:37
146,saint-philippe,-21.3585,55.7679,19.77,73,26,1.94,RE,2024-08-06 22:59:37
147,dawson creek,55.7666,-120.2362,20.8,56,40,3.09,CA,2024-08-06 22:59:37
148,beyla,8.6833,-8.6333,20.41,99,100,1.77,GN,2024-08-06 22:59:37
149,san onofre,9.7359,-75.5263,27.32,80,100,2.1,CO,2024-08-06 22:59:37
150,tobol'sk,58.2,68.2667,15.07,98,100,3.24,RU,2024-08-06 22:59:38
151,kongsvinger,60.1905,11.9977,15.37,90,89,1.51,NO,2024-08-06 22:59:38
152,pir mahal,30.7667,72.4333,31.62,62,0,2.34,PK,2024-08-06 22:59:38
153,ilulissat,69.2167,-51.1,4.17,82,8,1.5,GL,2024-08-06 22:59:38
154,guadalupe,25.6833,-100.25,33.45,56,3,4.49,MX,2024-08-06 22:59:38
155,qaqortoq,60.7167,-46.0333,8.67,98,100,0.66,GL,2024-08-06 22:59:38
156,luau,-10.7073,22.2247,19.7,21,5,1.85,AO,2024-08-06 22:59:39
157,mossel bay,-34.1831,22.146,8.96,75,0,1.86,ZA,2024-08-06 22:59:39
158,lompoc,34.6391,-120.4579,36.5,42,4,4.3,US,2024-08-06 22:59:39
159,alcudia,39.8532,3.1214,26.22,65,0,3.63,ES,2024-08-06 22:59:39
160,tazovsky,67.4667,78.7,5.1,91,0,6.02,RU,2024-08-06 22:59:39
161,kutum,14.2,24.6667,22.36,79,99,6.73,SD,2024-08-06 22:59:39
162,talnakh,69.4865,88.3972,11.53,64,8,5.12,RU,2024-08-06 22:59:40
163,kiffa,16.6166,-11.4045,33.73,50,73,7.29,MR,2024-08-06 22:59:40
164,bireun,5.203,96.7009,24.34,83,99,1.98,ID,2024-08-06 22:59:40
165,iqaluit,63.7506,-68.5145,9.85,66,75,2.06,CA,2024-08-06 22:59:40
166,anadyr,64.75,177.4833,6.28,70,75,6.0,RU,2024-08-06 22:59:40
167,emsdetten,52.1833,7.5333,22.32,60,63,1.54,DE,2024-08-06 22:59:40
168,ancud,-41.8697,-73.8203,6.3,85,34,2.38,CL,2024-08-06 22:59:40
169,virginia,37.5481,-77.4467,28.07,81,75,6.17,US,2024-08-06 22:59:41
170,salinopolis,-0.6136,-47.3561,26.18,84,57,5.7,BR,2024-08-06 22:59:41
171,yarkovo,57.4028,67.0786,14.31,98,70,1.84,RU,2024-08-06 22:59:41
172,copiapo,-27.3667,-70.3333,14.13,60,0,1.89,CL,2024-08-06 22:58:39
173,dolinsk,47.35,142.8,23.0,69,10,1.86,RU,2024-08-06 22:59:41
174,yuzhno-kurilsk,44.0306,145.8556,17.91,99,100,2.07,RU,2024-08-06 22:59:41
175,hithadhoo,-0.6,73.0833,27.54,74,17,1.1,MV,2024-08-06 22:59:41
176,san andres,12.5847,-81.7006,28.01,83,40,6.69,CO,2024-08-06 22:59:42
177,songkhla,6.8333,100.6667,25.03,98,98,2.19,TH,2024-08-06 22:59:42
178,rundu,-17.9333,19.7667,16.0,20,0,1.92,NA,2024-08-06 22:59:42
179,varshets,43.1953,23.2861,16.68,61,0,1.38,BG,2024-08-06 22:59:42
180,arkalyk,50.2486,66.9114,25.96,29,95,7.65,KZ,2024-08-06 22:59:42
181,mata-utu,-13.2816,-176.1745,26.0,74,93,9.27,WF,2024-08-06 22:59:43
182,namibe,-15.1961,12.1522,18.31,91,31,2.54,AO,2024-08-06 22:59:43
183,dalandzadgad,43.5708,104.425,24.34,40,100,5.8,MN,2024-08-06 22:59:43
184,laibin,23.7,109.2667,26.61,86,35,1.21,CN,2024-08-06 22:59:43
185,mirador,-6.3708,-44.3631,26.11,38,20,1.95,BR,2024-08-06 22:59:43
186,nadi,-17.8,177.4167,24.0,57,40,2.57,FJ,2024-08-06 22:59:43
187,san juan de miraflores,-12.1629,-76.9635,17.71,82,64,4.91,PE,2024-08-06 22:59:44
188,buta,2.7858,24.73,22.12,90,100,0.29,CD,2024-08-06 22:59:44
189,timbuktu,16.7735,-3.0074,29.63,52,70,10.19,ML,2024-08-06 22:59:44
190,coquimbo,-29.9533,-71.3436,12.85,70,0,4.12,CL,2024-08-06 22:58:39
191,minas de marcona,-15.2119,-75.1103,10.77,88,10,6.73,PE,2024-08-06 22:59:44
192,tsiombe,-25.3,45.4833,19.71,81,76,3.73,MG,2024-08-06 22:59:45
193,adh dhibiyah,24.5014,45.9686,32.76,10,100,2.81,SA,2024-08-06 22:59:45
194,nicoya,10.1483,-85.452,25.1,91,88,0.97,CR,2024-08-06 22:59:45
195,christchurch,-43.5333,172.6333,11.49,78,1,4.47,NZ,2024-08-06 22:53:43
196,al burayqah,30.4062,19.5739,29.07,60,0,5.47,LY,2024-08-06 22:59:45
197,bayanhongor,46.7167,100.1167,10.24,59,61,1.36,MN,2024-08-06 22:59:45
198,turpan,42.9333,89.1667,34.86,20,100,3.85,CN,2024-08-06 22:59:45
199,stanley,54.868,-1.6985,13.21,81,0,3.6,GB,2024-08-06 22:59:46
200,aasiaat,68.7098,-52.8699,3.64,96,78,3.3,GL,2024-08-06 22:59:46
201,haiku-pauwela,20.9219,-156.3051,28.98,63,40,11.32,US,2024-08-06 22:59:46
202,lucapa,-8.4192,20.7447,20.17,26,82,0.45,AO,2024-08-06 22:59:46
203,aliveri,38.4167,24.0333,28.02,66,0,1.86,GR,2024-08-06 22:59:47
204,holladay,40.6688,-111.8247,38.54,20,0,5.66,US,2024-08-06 22:59:47
205,oamaru,-45.0784,170.9801,7.15,61,57,3.18,NZ,2024-08-06 22:59:47
206,kodiak,57.79,-152.4072,12.73,100,100,5.66,US,2024-08-06 22:59:47
207,geraldton,-28.7667,114.6,17.23,94,75,5.14,AU,2024-08-06 22:59:47
208,udachny,66.4167,112.4,10.18,65,57,1.01,RU,2024-08-06 22:59:47
209,lazaro cardenas,17.9583,-102.2,29.86,68,83,4.57,MX,2024-08-06 22:59:47
210,sosnovo-ozerskoye,52.5249,111.5418,15.36,63,15,2.52,RU,2024-08-06 22:59:48
211,sonoita,31.85,-112.8333,36.02,37,41,6.26,MX,2024-08-06 22:59:48
212,tremonton,41.7119,-112.1655,37.49,22,0,3.6,US,2024-08-06 22:59:48
213,enewetak,11.3474,162.3373,28.64,77,60,4.99,MH,2024-08-06 22:59:48
214,ivdel',60.6911,60.4206,10.08,96,100,2.92,RU,2024-08-06 22:59:48
215,sarangani,5.4033,125.4636,28.6,73,100,3.64,PH,2024-08-06 22:59:48
216,pisco,-13.7,-76.2167,18.03,77,18,11.32,PE,2024-08-06 22:59:48
217,harstad,68.799,16.5293,19.02,63,1,2.35,NO,2024-08-06 22:59:49
218,paka,4.6374,103.4368,24.96,94,44,0.0,MY,2024-08-06 22:59:49
219,lusaka,-15.4067,28.2871,14.14,51,0,1.03,ZM,2024-08-06 22:59:49
220,severo-yeniseyskiy,60.3725,93.0408,14.08,93,82,1.57,RU,2024-08-06 22:59:49
221,lieksa,63.3167,30.0167,11.15,77,15,3.34,FI,2024-08-06 22:59:49
222,ponta delgada,37.7333,-25.6667,24.4,83,20,5.14,PT,2024-08-06 22:59:50
223,hamilton,39.1834,-84.5333,33.98,55,8,3.13,US,2024-08-06 22:59:50
224,stuttgart,48.7823,9.177,22.46,80,0,1.54,DE,2024-08-06 22:59:50
225,bubaque,11.2833,-15.8333,26.2,85,100,7.62,GW,2024-08-06 22:59:50
226,maba,24.6841,113.5984,26.02,89,3,0.32,CN,2024-08-06 22:59:50
227,piti village,13.4626,144.6933,30.39,88,0,0.0,GU,2024-08-06 22:59:50
228,high river,50.5834,-113.8687,16.0,87,100,4.25,CA,2024-08-06 22:59:51
229,ribeira brava,32.65,-17.0667,24.35,80,2,1.02,PT,2024-08-06 22:59:51
230,shingu,33.7333,135.9833,28.79,75,50,1.18,JP,2024-08-06 22:59:51
231,nouadhibou,20.931,-17.0347,20.99,88,20,9.26,MR,2024-08-06 22:55:15
232,purcellville,39.1368,-77.7147,32.13,62,0,5.66,US,2024-08-06 22:59:51
233,fort st. john,56.2499,-120.8529,19.94,60,75,2.06,CA,2024-08-06 22:59:51
234,cupira,-8.6167,-35.95,17.98,98,9,1.67,BR,2024-08-06 22:59:51
235,eastham,41.8301,-69.9739,19.99,95,97,4.56,US,2024-08-06 22:59:52
236,kralendijk,12.15,-68.2667,29.99,74,9,8.23,BQ,2024-08-06 22:59:52
237,labytnangi,66.6572,66.4183,5.95,77,0,1.75,RU,2024-08-06 22:59:52
238,norrtalje,59.758,18.705,17.1,90,0,1.02,SE,2024-08-06 22:59:52
239,tonk,26.1667,75.7833,26.02,89,97,4.53,IN,2024-08-06 22:59:52
240,hastings,50.8552,0.5729,17.51,84,100,5.98,GB,2024-08-06 22:59:53
241,livingstone,-17.8419,25.8543,17.29,30,0,1.64,ZM,2024-08-06 22:59:53
242,cill airne,52.05,-9.5167,11.2,97,37,2.57,IE,2024-08-06 22:59:53
243,khandyga,62.6667,135.6,11.25,91,100,1.83,RU,2024-08-06 22:59:53
244,mount pearl,47.5166,-52.7813,18.31,87,75,7.2,CA,2024-08-06 22:59:53
245,hammerfest,70.6634,23.6821,17.25,59,5,2.06,NO,2024-08-06 22:57:44
246,san martin de los andes,-40.1604,-71.3486,-5.68,98,74,1.97,AR,2024-08-06 22:59:53
247,sola,-13.8833,167.55,24.97,64,44,10.97,VU,2024-08-06 22:59:54
248,utrik,11.2278,169.8474,28.39,78,86,5.68,MH,2024-08-06 22:59:54
249,belle fourche,44.6714,-103.8522,32.41,27,4,6.31,US,2024-08-06 22:59:54
250,bonthe,7.5264,-12.505,25.27,81,100,3.83,SL,2024-08-06 22:59:54
251,nuuk,64.1835,-51.7216,7.71,100,97,2.56,GL,2024-08-06 22:59:54
252,antofagasta,-23.65,-70.4,15.6,85,59,4.17,CL,2024-08-06 22:58:39
253,korla,41.7597,86.1469,23.26,54,84,4.68,CN,2024-08-06 22:59:55
254,aykhal,66.0,111.5,10.55,66,26,0.44,RU,2024-08-06 22:59:55
255,hassi messaoud,31.6804,6.0729,32.92,24,0,2.06,DZ,2024-08-06 22:59:55
256,prado,-17.3411,-39.2208,22.52,77,3,3.55,BR,2024-08-06 22:59:55
257,ufa,54.775,56.0375,14.65,90,70,0.82,RU,2024-08-06 22:59:56
258,sterling,39.0062,-77.4286,31.87,65,100,4.92,US,2024-08-06 22:58:37
259,wailua homesteads,22.0669,-159.378,28.19,66,75,6.69,US,2024-08-06 22:59:56
260,cumbum,9.7333,77.3,22.77,93,100,3.06,IN,2024-08-06 22:59:56
261,ishikawa,26.4233,127.8214,30.58,91,40,1.54,JP,2024-08-06 22:59:56
262,gadani,25.1185,66.7299,29.12,88,100,8.09,PK,2024-08-06 22:59:56
263,tucano,-10.9631,-38.7867,21.02,73,49,4.37,BR,2024-08-06 22:59:56
264,borogontsy,62.6683,131.1683,15.59,76,56,3.89,RU,2024-08-06 22:59:57
265,qinzhou,21.95,108.6167,27.55,88,8,2.33,CN,2024-08-06 22:59:57
266,santana do livramento,-30.8908,-55.5328,19.5,99,100,2.59,BR,2024-08-06 22:59:55
267,port lincoln,-34.7333,135.8667,10.87,71,5,5.94,AU,2024-08-06 22:59:57
268,wadesboro,34.9682,-80.0767,24.34,94,100,2.57,US,2024-08-06 22:55:45
269,new norfolk,-42.7826,147.0587,13.17,71,94,2.61,AU,2024-08-06 22:59:57
270,pemangkat,1.1667,108.9667,25.97,86,100,3.17,ID,2024-08-06 22:59:57
271,kingston,17.997,-76.7936,31.53,74,40,4.63,JM,2024-08-06 22:54:44
272,kourou,5.1552,-52.6478,26.03,92,12,3.31,GF,2024-08-06 22:59:58
273,dehui,44.5333,125.7,23.41,87,80,2.75,CN,2024-08-06 22:59:58
274,katsuren-haebaru,26.3369,127.8719,30.61,91,40,1.54,JP,2024-08-06 22:59:58
275,saipan,15.1355,145.701,29.39,84,0,2.57,MP,2024-08-06 22:59:58
276,kapuskasing,49.4169,-82.4331,20.05,45,75,4.12,CA,2024-08-06 22:59:59
277,san matias,-16.3667,-58.4,27.55,19,0,2.64,BO,2024-08-06 22:59:59
278,baoshan,46.5586,131.4244,23.38,90,100,1.43,CN,2024-08-06 22:59:59
279,leava,-14.3,-178.1667,25.6,66,9,9.32,WF,2024-08-06 22:59:59
280,north battleford,52.7834,-108.2847,20.78,52,20,2.57,CA,2024-08-06 22:57:01
281,yunak,38.8142,31.7322,19.76,40,24,3.9,TR,2024-08-06 23:00:00
282,luganville,-15.5333,167.1667,24.96,62,99,6.48,VU,2024-08-06 23:00:00
283,maxixe,-23.8597,35.3472,18.28,81,10,2.57,MZ,2024-08-06 22:55:14
284,sur,22.5667,59.5289,27.52,74,86,6.02,OM,2024-08-06 23:00:10
285,thompson,55.7435,-97.8558,13.09,94,100,5.14,CA,2024-08-06 23:00:11
286,moranha,27.1833,94.9333,24.66,97,78,1.3,IN,2024-08-06 23:00:11
287,queenstown,-31.8976,26.8753,8.15,27,0,1.28,ZA,2024-08-06 23:00:11
288,central point,42.376,-122.9164,35.55,21,0,1.34,US,2024-08-06 23:00:11
289,ghat,24.9647,10.1728,31.97,14,36,3.52,LY,2024-08-06 23:00:13
290,uturoa,-16.7333,-151.4333,25.89,86,16,8.07,PF,2024-08-06 23:00:13
291,ryotsu-minato,38.0833,138.4333,24.78,83,97,0.76,JP,2024-08-06 23:00:13
292,stanthorpe,-28.6667,151.95,9.68,95,49,3.27,AU,2024-08-06 23:00:14
293,robertsport,6.7533,-11.3686,25.39,81,100,4.88,LR,2024-08-06 23:00:14
294,dazhou,31.2159,107.5009,24.67,92,38,1.7,CN,2024-08-06 23:00:14
295,kone,-21.0595,164.8658,23.66,46,29,3.14,NC,2024-08-06 23:00:15
296,caluula,11.9661,50.7569,29.55,73,7,0.56,SO,2024-08-06 23:00:15
297,kabalo,-6.05,26.9167,25.45,24,5,1.6,CD,2024-08-06 23:00:15
298,port mathurin,-19.6833,63.4167,22.57,73,11,5.1,MU,2024-08-06 23:00:16
299,howrah,22.5892,88.3103,28.0,94,40,1.54,IN,2024-08-06 23:00:16
300,levuka,50.1834,-105.4011,23.85,57,75,9.26,CA,2024-08-06 23:00:17
301,marsa alam,25.0757,34.8918,31.68,46,13,0.93,EG,2024-08-06 23:00:17
302,remire-montjoly,4.9167,-52.2667,26.02,94,40,1.54,GF,2024-08-06 23:00:19
303,marica,-22.9194,-42.8186,24.97,78,0,5.24,BR,2024-08-06 23:00:19
304,afaahiti,-17.75,-149.2833,27.93,84,9,9.47,PF,2024-08-06 23:00:20
305,pinheiro machado,-31.5783,-53.3811,15.03,100,100,1.84,BR,2024-08-06 23:00:20
306,zelenogorskiy,55.0333,87.0,12.91,99,99,1.76,RU,2024-08-06 23:00:21
307,san mariano,7.5,126.0,24.57,86,100,0.28,PH,2024-08-06 23:00:21
308,planaltina,-15.4528,-47.6142,19.92,39,1,2.33,BR,2024-08-06 23:00:21
309,oyama,36.3,139.8,30.88,67,100,1.8,JP,2024-08-06 23:00:21
310,mirnyy,62.5353,113.9611,12.59,66,90,2.46,RU,2024-08-06 23:00:22
311,rudnyy,52.9594,63.1206,18.13,88,89,0.72,KZ,2024-08-06 23:00:22
312,kon tum,14.35,108.0,20.72,97,56,0.56,VN,2024-08-06 23:00:22
313,gadzhiyevo,69.2551,33.3362,12.41,55,7,4.15,RU,2024-08-06 23:00:22
314,warwick,41.7001,-71.4162,20.47,87,100,3.6,US,2024-08-06 22:57:11
315,colonia,50.9333,6.95,22.75,77,0,0.51,DE,2024-08-06 23:00:23
316,valdoie,47.668,6.8445,18.8,86,6,0.95,FR,2024-08-06 23:00:24
317,yichang,30.7144,111.2847,27.53,83,53,0.73,CN,2024-08-06 23:00:24
318,afua,-0.1567,-50.3867,26.29,77,85,2.88,BR,2024-08-06 23:00:24
319,villa regina,-39.1,-67.0667,12.77,20,71,0.45,AR,2024-08-06 23:00:24
320,luderitz,-26.6481,15.1594,12.18,79,13,1.31,NA,2024-08-06 23:00:24
321,saldanha,-33.0117,17.9442,8.03,85,9,3.88,ZA,2024-08-06 23:00:24
322,al mayadin,35.0209,40.4535,33.09,29,0,7.57,SY,2024-08-06 23:00:25
323,polyarnyy,69.1989,33.4478,12.42,55,6,4.35,RU,2024-08-06 23:00:25
324,college,64.8569,-147.8028,26.99,48,75,2.06,US,2024-08-06 23:00:25
325,tsuruoka,38.7217,139.8217,25.02,88,75,1.03,JP,2024-08-06 23:00:26
326,richards bay,-28.783,32.0377,17.52,68,0,4.24,ZA,2024-08-06 22:58:23
327,manta,-0.95,-80.7333,26.88,69,75,5.14,EC,2024-08-06 23:00:11
328,bereznik,62.8551,42.7072,10.47,75,0,1.16,RU,2024-08-06 23:00:26
329,sambava,-14.2667,50.1667,19.18,89,10,3.8,MG,2024-08-06 23:00:26
330,palmeiras de goias,-16.805,-49.9258,23.24,33,0,1.36,BR,2024-08-06 23:00:26
331,shalqar,47.8333,59.6,26.66,42,64,1.64,KZ,2024-08-06 23:00:27
332,ilebo,-4.3167,20.5833,25.7,32,64,1.01,CD,2024-08-06 23:00:27
333,nova vicosa,-17.8919,-39.3719,22.04,75,0,3.26,BR,2024-08-06 23:00:27
334,cabo san lucas,22.8909,-109.9124,25.98,98,100,2.24,MX,2024-08-06 23:00:06
335,goure,13.9835,10.2704,25.16,80,100,5.77,NE,2024-08-06 23:00:27
336,sebastopol,44.6,33.5333,20.56,57,21,3.27,UA,2024-08-06 23:00:27
337,dongcun,36.7767,121.1597,26.94,86,3,1.04,CN,2024-08-06 23:00:28
338,bamboo flat,11.7,92.7167,26.05,89,100,1.03,IN,2024-08-06 23:00:28
339,atafu village,-8.5421,-172.5159,28.03,78,91,6.57,TK,2024-08-06 23:00:28
340,kupang,-10.1667,123.5833,26.32,78,20,6.17,ID,2024-08-06 23:00:28
341,the pas,53.8251,-101.2541,20.01,64,20,2.06,CA,2024-08-06 23:00:29
342,vila franca do campo,37.7167,-25.4333,24.23,92,32,1.7,PT,2024-08-06 23:00:29
343,moranbah,-22.0016,148.0466,17.57,85,93,3.36,AU,2024-08-06 23:00:29
344,sisimiut,66.9395,-53.6735,6.15,88,100,1.86,GL,2024-08-06 23:00:29
345,ambodivoara,-14.3397,49.9826,16.41,97,6,1.45,MG,2024-08-06 23:00:29
346,akureyri,65.6835,-18.0878,8.96,93,100,4.63,IS,2024-08-06 23:00:29
347,sant lluis,39.8526,4.2594,26.22,83,0,2.06,ES,2024-08-06 23:00:30
348,tralee,52.2704,-9.7026,12.56,94,38,3.97,IE,2024-08-06 23:00:30
349,zvishavane,-20.3267,30.0665,12.52,86,0,0.95,ZW,2024-08-06 23:00:30
350,bayganin,48.6947,55.8742,25.26,53,100,2.23,KZ,2024-08-06 23:00:30
351,chillan,-36.6066,-72.1034,7.18,87,75,2.57,CL,2024-08-06 22:51:07
352,susuman,62.7833,148.1667,8.93,77,100,2.14,RU,2024-08-06 23:00:31
353,concepcion,-36.827,-73.0498,8.89,71,40,3.09,CL,2024-08-06 22:59:37
354,sukumo,32.9333,132.7333,29.61,72,3,1.16,JP,2024-08-06 23:00:31
355,rafraf,37.1904,10.1837,24.17,76,0,1.32,TN,2024-08-06 23:00:31
356,zaragoza,41.6561,-0.8773,27.79,52,20,10.29,ES,2024-08-06 23:00:31
357,gizo,-8.103,156.8419,27.87,76,31,3.38,SB,2024-08-06 23:00:31
358,washington,47.5001,-120.5015,33.6,20,0,4.23,US,2024-08-06 22:57:21
359,kumagunnam,13.1551,10.6342,25.26,81,100,6.59,NG,2024-08-06 23:00:32
360,kruisfontein,-34.0033,24.7314,7.71,84,0,2.43,ZA,2024-08-06 23:00:32
361,jorpeland,59.0225,6.0408,20.61,89,100,3.45,NO,2024-08-06 23:00:32
362,nuku'alofa,-21.1333,-175.2,23.19,56,20,4.63,TO,2024-08-06 23:00:32
363,bako,5.7833,36.5667,17.68,72,99,1.2,ET,2024-08-06 23:00:32
364,chihuahua,28.5,-106.0,29.56,31,77,4.25,MX,2024-08-06 23:00:04
365,rantauprapat,2.1,99.8333,22.8,99,100,1.61,ID,2024-08-06 23:00:32
366,tofol,5.3248,163.0078,30.88,74,75,2.57,FM,2024-08-06 23:00:33
367,vuktyl,63.8567,57.3094,7.53,78,87,1.34,RU,2024-08-06 23:00:33
368,linevo,54.4589,83.3764,14.35,93,33,2.75,RU,2024-08-06 23:00:33
369,dickinson,29.4608,-95.0513,35.65,64,1,2.24,US,2024-08-06 23:00:33
370,okoneshnikovo,54.8377,75.0834,15.6,98,31,2.98,RU,2024-08-06 23:00:33
371,sotouboua,8.5667,0.9833,22.38,89,93,1.6,TG,2024-08-06 23:00:34
372,meads,38.4126,-82.7091,35.24,52,0,2.68,US,2024-08-06 23:00:34
373,cajuru,-21.2753,-47.3042,21.45,33,0,3.44,BR,2024-08-06 23:00:34
374,cannonvale,-20.2833,148.7,20.88,81,53,3.49,AU,2024-08-06 23:00:34
375,guane,22.2025,-84.0875,30.49,64,100,3.46,CU,2024-08-06 23:00:34
376,badiyah,22.45,58.8,26.1,73,91,3.42,OM,2024-08-06 23:00:35
377,kendari,-3.945,122.4989,23.23,95,60,0.57,ID,2024-08-06 23:00:35
378,sinabang,2.4803,96.3801,23.71,95,100,1.85,ID,2024-08-06 23:00:35
379,singaparna,-7.3515,108.111,18.57,98,100,0.21,ID,2024-08-06 23:00:35
380,shenjiamen,29.9576,122.298,28.09,88,32,2.87,CN,2024-08-06 23:00:35
381,cooper's town,26.8667,-77.5167,28.65,82,100,8.47,BS,2024-08-06 23:00:35
382,antsiranana,-12.2787,49.2917,21.66,81,10,5.72,MG,2024-08-06 23:00:36
383,gediz,39.0417,29.41,18.39,62,0,2.9,TR,2024-08-06 23:00:36
384,mrakovo,52.7161,56.6244,15.22,93,51,1.02,RU,2024-08-06 23:00:36
385,bechar,31.6167,-2.2167,37.18,9,40,2.06,DZ,2024-08-06 23:00:36
386,sokoni,-6.4333,39.55,25.23,82,75,6.96,TZ,2024-08-06 23:00:36
387,pagar alam,-4.0167,103.2667,18.99,90,77,0.71,ID,2024-08-06 23:00:36
388,kalmunai,7.4167,81.8167,26.73,79,93,2.2,LK,2024-08-06 23:00:36
389,porto,41.1496,-8.611,21.83,85,59,0.89,PT,2024-08-06 22:55:44
390,pierre,44.3683,-100.351,30.35,33,72,4.87,US,2024-08-06 23:00:37
391,seaside,36.6111,-121.8516,26.04,80,0,3.09,US,2024-08-06 23:00:37
392,kinkala,-4.3614,14.7644,24.27,54,71,4.33,CG,2024-08-06 23:00:37
393,glen innes,-29.7333,151.7333,9.25,69,81,2.04,AU,2024-08-06 23:00:37
394,mhamid,29.82,-5.72,37.04,9,51,3.45,MA,2024-08-06 23:00:37
395,acapulco de juarez,16.8634,-99.8901,30.9,70,40,4.12,MX,2024-08-06 22:56:52
396,thames,-37.1333,175.5333,12.41,62,0,0.27,NZ,2024-08-06 23:00:38
397,holualoa,19.6228,-155.9522,25.31,87,21,1.34,US,2024-08-06 23:00:38
398,irtyshsk,53.3333,75.4572,17.95,91,100,2.44,KZ,2024-08-06 23:00:38
399,kavaratti,10.5669,72.642,27.26,84,100,4.53,IN,2024-08-06 23:00:38
400,vedaraniyam,10.3667,79.85,27.08,77,100,2.57,IN,2024-08-06 23:00:39
401,nogliki,51.8333,143.1667,21.81,78,100,5.74,RU,2024-08-06 23:00:39
402,parras de la fuente,25.4167,-102.1833,30.38,30,57,6.45,MX,2024-08-06 23:00:39
403,anori,-3.7728,-61.6442,28.18,43,97,1.29,BR,2024-08-06 23:00:39
404,lutjenburg,54.2919,10.5895,18.9,82,33,0.45,DE,2024-08-06 23:00:39
405,vadso,70.0744,29.7487,14.49,71,17,1.54,NO,2024-08-06 23:00:39
406,visby,57.6409,18.296,16.12,94,20,1.54,SE,2024-08-06 23:00:39
407,pizhou,34.3114,117.9503,26.03,95,16,2.57,CN,2024-08-06 23:00:40
408,abepura,-2.6333,140.5833,26.45,89,20,2.06,ID,2024-08-06 23:00:40
409,yaren,-0.5472,166.916,28.19,70,87,2.14,NR,2024-08-06 23:00:40
410,margate,51.3813,1.3862,16.5,81,100,4.25,GB,2024-08-06 22:56:07
411,bermejo,-32.8833,-68.8,8.95,66,40,1.54,AR,2024-08-06 23:00:40
412,taroa,8.7058,171.2275,28.48,76,83,5.23,MH,2024-08-06 23:00:40
413,arkhangel'sk,64.5401,40.5433,11.06,100,20,3.0,RU,2024-08-06 23:00:41
414,dolores,-36.3132,-57.6792,14.53,99,97,1.19,AR,2024-08-06 23:00:41
415,sisophon,13.5859,102.9737,24.47,93,88,2.31,KH,2024-08-06 23:00:41
416,naze,28.3667,129.4833,27.51,76,4,0.88,JP,2024-08-06 22:57:18
417,bratsk,56.1325,101.6142,15.27,96,100,3.17,RU,2024-08-06 23:00:41
418,khorixas,-20.3667,14.9667,14.91,43,4,0.44,NA,2024-08-06 23:00:41
419,ad darb,17.7229,42.2526,28.31,66,100,8.66,SA,2024-08-06 23:00:42
420,tidjikja,18.5564,-11.4271,32.51,42,17,3.13,MR,2024-08-06 23:00:42
421,gorgan,36.8387,54.4348,26.98,83,40,0.0,IR,2024-08-06 23:00:42
422,livramento do brumado,-13.6431,-41.8406,21.59,68,74,2.05,BR,2024-08-06 23:00:42
423,glendive,47.1053,-104.7125,34.86,31,40,2.06,US,2024-08-06 23:00:42
424,tual,-5.6667,132.75,25.36,86,79,8.17,ID,2024-08-06 23:00:42
425,lamu,-2.2717,40.902,25.21,82,84,6.91,KE,2024-08-06 23:00:42
426,gatton,-27.55,152.2833,13.57,72,72,0.31,AU,2024-08-06 23:00:43
427,masterton,-40.9597,175.6575,11.05,66,0,1.96,NZ,2024-08-06 23:00:43
428,natal,-5.795,-35.2094,24.36,78,0,3.6,BR,2024-08-06 22:59:43
429,selfoss,63.9331,-20.9971,11.03,90,91,3.45,IS,2024-08-06 23:00:44
430,coyhaique,-45.5752,-72.0662,3.34,98,100,0.6,CL,2024-08-06 23:00:06
431,zubtsov,56.1753,34.5894,13.73,95,82,1.99,RU,2024-08-06 23:00:44
432,eyl,7.9803,49.8164,25.0,79,43,10.3,SO,2024-08-06 23:00:44
433,saint-pierre,-21.3393,55.4781,19.82,60,40,4.12,RE,2024-08-06 23:00:44
434,bafoulabe,13.8065,-10.8321,25.0,93,100,3.17,ML,2024-08-06 23:00:44
435,fernie,49.5,-115.0687,26.38,41,26,1.67,CA,2024-08-06 23:00:45
436,kijang,35.2442,129.2139,25.85,74,44,0.21,KR,2024-08-06 23:00:45
437,awjilah,29.1081,21.2869,31.51,26,0,5.13,LY,2024-08-06 23:00:45
438,le vauclin,14.5452,-60.8388,28.03,78,0,3.6,MQ,2024-08-06 23:00:45
439,gebeit,21.0667,36.3167,26.53,66,100,1.61,SD,2024-08-06 23:00:45
440,makrana,27.05,74.7167,24.95,94,100,6.05,IN,2024-08-06 23:00:45
441,palmer,42.1584,-72.3287,21.75,75,100,1.54,US,2024-08-06 22:58:55
442,klyuchi,52.2667,79.1667,19.48,78,93,2.98,RU,2024-08-06 23:00:46
443,puerto asis,0.5133,-76.5007,24.53,88,77,0.57,CO,2024-08-06 23:00:46
444,dubinino,55.6192,89.0911,14.75,96,100,1.89,RU,2024-08-06 23:00:46
445,tyukhtet,56.5389,89.3011,14.5,99,100,1.87,RU,2024-08-06 23:00:46
446,sandnessjoen,66.0217,12.6316,15.29,73,45,6.89,NO,2024-08-06 23:00:46
447,hilo,19.7297,-155.09,27.84,82,38,0.89,US,2024-08-06 23:00:46
448,tashtagol,52.7657,87.8894,11.59,97,57,1.44,RU,2024-08-06 23:00:47
449,fortuna,40.5982,-124.1573,18.88,75,0,6.17,US,2024-08-06 23:00:47
450,tianfu,37.1936,122.0511,26.75,86,0,1.36,CN,2024-08-06 23:00:47
451,manismata,-2.4667,111.0333,23.23,98,100,1.22,ID,2024-08-06 23:00:47
452,cova figueira,14.8905,-24.2934,20.24,85,100,4.16,CV,2024-08-06 23:00:47
453,fort bragg,35.139,-79.006,24.91,94,100,3.09,US,2024-08-06 23:00:47
454,lagos,6.5833,3.75,24.42,83,51,3.48,NG,2024-08-06 23:00:28
455,alo,6.5486,4.2686,24.38,86,31,4.74,NG,2024-08-06 23:00:48
456,san juan,-31.5375,-68.5364,8.68,67,91,2.32,AR,2024-08-06 23:00:48
457,qarazhal,48.0078,70.7903,23.44,36,0,4.1,KZ,2024-08-06 23:00:48
458,puerto deseado,-47.7503,-65.8938,3.23,71,63,3.27,AR,2024-08-06 23:00:48
459,canton,23.1167,113.25,26.97,67,6,0.92,CN,2024-08-06 22:56:26
460,tegueste,28.5167,-16.3167,20.92,85,100,7.72,ES,2024-08-06 23:00:49
461,el granada,37.5027,-122.4694,34.71,47,0,5.14,US,2024-08-06 23:00:49
462,huarmey,-10.0681,-78.1522,18.28,80,6,5.73,PE,2024-08-06 23:00:49
463,gosaba,22.165,88.7998,26.9,90,100,3.6,IN,2024-08-06 23:00:49
464,bijapur,16.8333,75.7,22.47,90,100,5.56,IN,2024-08-06 23:00:50
465,panaba,21.2833,-88.2667,30.16,71,98,4.65,MX,2024-08-06 23:00:50
466,letlhakane,-21.4167,25.5833,13.9,74,0,4.44,BW,2024-08-06 23:00:50
467,kisangani,0.5167,25.2,23.1,80,58,0.69,CD,2024-08-06 23:00:50
468,vikulovo,56.8167,70.6107,14.02,95,78,2.25,RU,2024-08-06 23:00:50
469,ishigaki,24.3448,124.1572,28.07,94,97,0.51,JP,2024-08-06 23:00:51
470,zonguldak,41.25,31.8333,16.02,78,0,1.7,TR,2024-08-06 23:00:51
471,nar'yan-mar,67.6713,53.087,5.43,85,20,3.33,RU,2024-08-06 23:00:51
472,centenario,-38.8043,-68.14,11.86,28,0,5.14,AR,2024-08-06 23:00:51
473,taltal,-25.4,-70.4833,13.73,83,36,0.95,CL,2024-08-06 23:00:20
474,rockland,41.1668,-74.0496,23.92,90,100,3.07,US,2024-08-06 22:59:21
475,canoinhas,-26.1772,-50.39,16.76,76,1,0.72,BR,2024-08-06 23:00:51
476,kharp,66.8014,65.8081,6.23,77,0,1.76,RU,2024-08-06 23:00:52
477,kirakira,-10.4544,161.9205,27.47,79,74,6.45,SB,2024-08-06 23:00:52
478,vanimo,-2.6741,141.3028,26.98,83,90,2.85,PG,2024-08-06 23:00:52
479,kyzyl-mazhalyk,51.1333,90.6,11.49,72,7,0.56,RU,2024-08-06 23:00:52
480,khash,28.2211,61.2158,25.95,64,100,1.37,IR,2024-08-06 23:00:52
481,cidreira,-30.1811,-50.2056,16.86,95,97,9.21,BR,2024-08-06 23:00:53
482,taoudenni,22.6783,-3.9836,39.25,15,12,4.79,ML,2024-08-06 23:00:53
483,boyolangu,-8.1181,111.8935,22.27,97,81,1.03,ID,2024-08-06 23:00:53
484,neiafu,-18.65,-173.9833,24.38,69,20,3.6,TO,2024-08-06 23:00:53
485,holbrook,40.8123,-73.0784,23.81,94,100,2.57,US,2024-08-06 23:00:53
486,ketchikan,55.3422,-131.6461,21.3,57,19,1.4,US,2024-08-06 23:00:54
487,lagunas,-5.2269,-75.6753,27.85,69,66,0.41,PE,2024-08-06 23:00:54
488,sangkhla buri,15.1555,98.4536,22.11,99,100,0.26,TH,2024-08-06 23:00:54
489,manggar,-2.8833,108.2667,27.18,76,98,5.09,ID,2024-08-06 23:00:54
490,isla mujeres,21.2311,-86.731,30.65,68,100,2.14,MX,2024-08-06 23:00:54
491,la ronge,55.1001,-105.2842,21.14,43,75,6.69,CA,2024-08-06 23:00:55
492,xiaoweizhai,26.1903,107.5125,21.69,98,14,1.45,CN,2024-08-06 23:00:55
493,port sudan,19.6175,37.2164,32.02,67,100,9.38,SD,2024-08-06 23:00:55
494,andalgala,-27.5819,-66.3165,14.96,38,65,0.31,AR,2024-08-06 23:00:55
495,wyndham,37.6985,-77.6125,28.19,74,100,0.89,US,2024-08-06 23:00:55
496,happy valley-goose bay,53.3168,-60.3315,18.17,59,40,4.63,CA,2024-08-06 23:00:11
497,enriquillo,17.9,-71.2333,30.82,77,8,3.8,DO,2024-08-06 23:00:56
498,port-vila,-17.7338,168.3219,22.78,78,75,3.09,VU,2024-08-06 23:00:56
499,inhambane,-23.865,35.3833,19.09,78,15,2.99,MZ,2024-08-06 23:00:56
500,wangqing,43.3218,129.7634,22.61,97,100,0.46,CN,2024-08-06 23:00:56
501,lamar,33.6668,-95.5836,37.77,36,0,0.0,US,2024-08-06 23:00:56
502,okhotsk,59.3833,143.3,10.7,85,100,3.54,RU,2024-08-06 23:00:56
503,justo daract,-33.8594,-65.1828,7.8,70,49,3.53,AR,2024-08-06 23:00:56
504,general mosconi,-23.1851,-62.303,30.43,42,93,9.03,AR,2024-08-06 23:00:57
505,at taj,24.2049,23.2857,33.21,17,100,6.17,LY,2024-08-06 23:00:57
506,timmins,48.4669,-81.3331,21.9,33,75,6.69,CA,2024-08-06 23:00:57
507,moengo,5.6167,-54.4,24.15,87,25,0.82,SR,2024-08-06 23:00:57
508,sabang,5.8933,95.3214,27.79,78,100,9.2,ID,2024-08-06 23:00:57
509,rio preto da eva,-2.6994,-59.6997,30.24,40,100,1.5,BR,2024-08-06 23:00:58
510,sovetsk,55.0839,21.8785,14.34,94,27,2.38,RU,2024-08-06 23:00:58
511,willowmore,-33.2926,23.4895,8.84,54,0,2.66,ZA,2024-08-06 23:00:58
512,makokou,0.5738,12.8642,23.72,68,93,1.18,GA,2024-08-06 23:00:58
513,lindi,-10.0,39.7167,18.31,94,1,2.1,TZ,2024-08-06 23:00:58
514,witu,-2.3889,40.4382,24.29,85,41,4.75,KE,2024-08-06 23:00:59
515,nishinoomote,30.7333,131.0,29.1,82,7,4.63,JP,2024-08-06 23:00:59
516,nova sintra,14.8667,-24.7167,25.58,85,100,7.25,CV,2024-08-06 23:00:59
517,port augusta,-32.5,137.7667,10.96,61,17,2.49,AU,2024-08-06 23:00:59
518,barra de santo antonio,-9.4047,-35.5072,20.6,84,21,4.67,BR,2024-08-06 23:00:59
519,mtsensk,53.2766,36.5733,17.78,76,72,1.5,RU,2024-08-06 23:00:59
520,madingou,-4.1536,13.55,24.5,62,68,1.7,CG,2024-08-06 23:01:00
521,yuxi,24.355,102.5422,17.16,97,87,0.47,CN,2024-08-06 23:01:00
522,puerto cabezas,14.0351,-83.3888,24.98,88,75,2.06,NI,2024-08-06 22:58:04
523,huotong,26.8497,119.4181,26.85,79,79,0.89,CN,2024-08-06 23:01:01
524,laredo,27.5064,-99.5075,39.16,27,0,3.09,US,2024-08-06 22:57:54
525,coalinga,36.1397,-120.3602,40.14,12,0,1.62,US,2024-08-06 23:00:34
526,tuy hoa,13.0833,109.3,24.58,88,23,1.96,VN,2024-08-06 23:01:01
527,pangody,65.85,74.4859,6.09,89,0,4.59,RU,2024-08-06 23:01:02
528,zhosaly,45.4878,64.0781,29.09,29,21,2.56,KZ,2024-08-06 23:01:02
529,ascension,30.2169,-90.9001,36.67,51,0,2.57,US,2024-08-06 23:01:03
530,paidha,2.4167,30.9855,15.84,83,100,1.85,UG,2024-08-06 23:01:03
531,usinsk,65.9939,57.5281,7.08,72,5,5.07,RU,2024-08-06 23:01:03
532,mazsalaca,57.8633,25.0547,14.25,95,81,1.66,LV,2024-08-06 23:01:03
533,calingasta,-31.3308,-69.4078,11.68,8,33,0.06,AR,2024-08-06 23:01:04
534,hadibu,12.65,54.0333,24.99,78,26,8.1,YE,2024-08-06 23:01:04
535,natchez,31.5604,-91.4032,34.69,52,0,2.06,US,2024-08-06 23:01:04
536,sao joao da barra,-21.6403,-41.0511,23.05,83,0,10.31,BR,2024-08-06 23:01:04
537,krasnogorskoye,52.2953,86.1979,15.02,89,100,1.64,RU,2024-08-06 23:01:04
538,arraial do cabo,-22.9661,-42.0278,21.98,88,0,4.63,BR,2024-08-06 23:01:05
539,touros,-5.1989,-35.4608,24.2,82,20,6.67,BR,2024-08-06 23:01:06
540,tura,25.5198,90.2201,24.1,97,100,2.33,IN,2024-08-06 23:01:06
541,rio grande,-32.035,-52.0986,19.06,98,100,4.77,BR,2024-08-06 23:01:06
542,fada,7.25,4.0667,22.33,93,73,1.65,NG,2024-08-06 23:01:07
543,yankton,42.8711,-97.3973,27.84,53,20,3.6,US,2024-08-06 22:56:30
544,tekanpur,25.9833,78.2667,26.8,84,97,2.2,IN,2024-08-06 23:01:07
545,katsuura,35.1333,140.3,26.84,89,98,3.78,JP,2024-08-06 23:01:07
546,loukhi,66.0764,33.0381,8.06,77,46,0.5,RU,2024-08-06 23:01:07
547,nagqu,31.5,92.0,3.46,84,90,1.82,CN,2024-08-06 23:01:08
548,crane,31.3974,-102.3501,36.3,19,0,4.57,US,2024-08-06 23:01:08
549,ornskoldsvik,63.2909,18.7153,12.53,94,0,1.54,SE,2024-08-06 23:01:08
550,deqen,29.9618,90.7188,8.11,87,98,1.75,CN,2024-08-06 23:01:08
551,zakamensk,50.3741,103.2863,11.83,91,3,0.96,RU,2024-08-06 23:01:08
552,mount isa,-20.7333,139.5,14.87,47,3,5.14,AU,2024-08-06 23:01:08
553,leh,34.1667,77.5833,14.69,57,0,3.22,IN,2024-08-06 23:01:09
554,illizi,26.4833,8.4667,30.89,23,0,2.26,DZ,2024-08-06 23:01:09
555,mao,39.8885,4.2658,26.31,83,0,2.06,ES,2024-08-06 23:01:09
556,tarawa,1.419,172.984,31.05,70,20,2.06,KI,2024-08-06 23:01:09
557,harper,4.375,-7.7169,23.68,83,100,4.44,LR,2024-08-06 23:01:09
558,nakhodka,42.8333,132.8947,22.92,92,94,0.8,RU,2024-08-06 23:01:09
559,peterborough,52.5736,-0.2478,15.61,77,10,4.12,GB,2024-08-06 23:01:10
560,alvaraes,-3.2208,-64.8042,28.93,45,1,0.82,BR,2024-08-06 23:01:10
561,cambria,35.5641,-121.0808,42.1,55,22,3.56,US,2024-08-06 23:01:10
562,carnarvon,-24.8667,113.6333,20.39,63,54,3.78,AU,2024-08-06 23:01:10
563,taguatinga,-12.3857,-46.5711,25.85,27,16,2.99,BR,2024-08-06 23:01:10
564,satka,55.0425,59.04,11.49,95,7,1.23,RU,2024-08-06 23:01:11
565,nakhon phanom,17.3333,104.4167,24.82,97,100,2.1,TH,2024-08-06 23:01:11
566,rawson,-43.3002,-65.1023,7.43,87,98,10.03,AR,2024-08-06 23:01:11
567,sao felix do xingu,-6.6447,-51.995,25.74,31,8,0.71,BR,2024-08-06 23:01:11
568,fuglafjordur,62.244,-6.814,11.26,93,82,9.52,FO,2024-08-06 23:01:11
569,anna regina,7.2644,-58.5077,27.0,80,0,2.75,GY,2024-08-06 23:01:11
570,buston,40.2342,69.6948,24.1,38,0,2.0,TJ,2024-08-06 22:58:15
571,voru,57.8339,27.0194,13.72,96,20,1.54,EE,2024-08-06 23:01:12
572,las lomitas,-24.7096,-60.593,24.62,57,94,1.04,AR,2024-08-06 23:01:12
573,lerwick,60.1545,-1.1494,15.0,86,3,7.29,GB,2024-08-06 23:01:12
574,kapa'a,22.0752,-159.319,28.6,65,75,6.69,US,2024-08-06 23:01:12
575,mil'kovo,55.6078,37.7956,17.41,90,13,1.73,RU,2024-08-06 23:01:12
576,aykol,38.1751,77.2132,26.04,27,82,3.77,CN,2024-08-06 23:01:12
577,mairinque,-23.5458,-47.1833,23.36,52,0,2.41,BR,2024-08-06 23:01:13
578,daru,-9.0763,143.2092,25.08,85,95,6.69,PG,2024-08-06 23:01:13
579,mantua,45.1667,10.7833,26.58,83,39,2.17,IT,2024-08-06 23:01:13
580,strelka,58.0728,93.0344,15.87,99,100,1.66,RU,2024-08-06 23:01:13
581,tateyama,34.9833,139.8667,28.94,83,100,2.21,JP,2024-08-06 23:01:13
582,koungou,-12.7336,45.2042,20.84,88,0,1.54,YT,2024-08-06 23:01:13
583,dumai,1.6833,101.45,23.77,98,99,0.33,ID,2024-08-06 23:01:14
584,bogande,12.9714,-0.1436,26.67,76,96,5.44,BF,2024-08-06 23:01:14
585,aral,40.5156,81.2636,21.93,50,100,4.02,CN,2024-08-06 23:01:14
586,kayangel,8.0823,134.7173,28.82,75,100,4.23,PW,2024-08-06 23:01:14
587,domna,51.8971,113.1573,12.09,87,31,0.0,RU,2024-08-06 23:01:14
588,robore,-18.3333,-59.75,27.01,29,48,2.12,BO,2024-08-06 23:01:15
589,kachug,53.9606,105.8817,14.25,83,100,0.95,RU,2024-08-06 23:01:15
590,portel,-1.9356,-50.8211,28.11,55,19,1.88,BR,2024-08-06 23:01:15
591,ottumwa,41.02,-92.4113,21.31,78,100,3.6,US,2024-08-06 22:58:29
